AFM	Fullname	Email
53315050	Cyrille Garms	cgarms0@blogs.com
12530189	Emelen Lamprecht	elamprecht1@sphinn.com
51748644	Karol Crummey	kcrummey2@stanford.edu
97330761	Petronille Robillart	probillart3@dailymotion.com
93276961	Rickert Ebbens	rebbens4@google.com.hk
76929065	Peria Goldby	pgoldby5@clickbank.net
90050585	Eydie O' Donohoe	eo6@diigo.com
66571260	Dewey Mcasparan	dmcasparan7@howstuffworks.com
94891468	Shellysheldon Wakefield	swakefield8@about.com
45300091	Elwin Isack	eisack9@webs.com
95851113	Ty Carletto	tcarlettoa@mail.ru
67414367	Malena Bramo	mbramob@netvibes.com
52504726	Tallou Neljes	tneljesc@devhub.com
32319654	Cristal Keave	ckeaved@toplist.cz
74656951	Herman Scane	hscanee@reverbnation.com
92018458	Prudy McMurdo	pmcmurdof@livejournal.com
68680761	Kellie Braybrooks	kbraybrooksg@cbc.ca
26232015	Lorin Archbell	larchbellh@omniture.com
70220328	Emylee Waine	ewainei@shareasale.com
28083395	Easter Isabell	eisabellj@buzzfeed.com
66186185	Drusy Proven	dprovenk@xrea.com
27681831	Davie Von Brook	dvonl@facebook.com
48817323	Nanci Baguley	nbaguleym@php.net
80931880	Irma Lamborne	ilambornen@opensource.org
83045092	Gino Boomes	gboomeso@lycos.com
96402874	Baudoin Casaccio	bcasacciop@vistaprint.com
10758422	Garrard Ledamun	gledamunq@europa.eu
31265553	Shaw Detoc	sdetocr@vkontakte.ru
56534685	Dasie Rowswell	drowswells@nifty.com
83665305	Francoise Cattermoul	fcattermoult@dedecms.com
106303	Hiram Bauldrey	hbauldreyu@berkeley.edu
43883489	Osgood Rickwood	orickwoodv@xrea.com
94497405	Caren O' Mullane	cow@mashable.com
96334403	Hazel Stollman	hstollmanx@businessinsider.com
78603662	Michaelina Fantonetti	mfantonettiy@fda.gov
30647571	Mellisent Jaquin	mjaquinz@163.com
9398842	Kaylyn Molloy	kmolloy10@prweb.com
62710720	Fletch Bootton	fbootton11@dyndns.org
69500354	Kimberlyn Berston	kberston12@mozilla.org
49263454	Dallis Dominichelli	ddominichelli13@comsenz.com
38597424	Elizabet Finnemore	efinnemore14@google.pl
38868740	Ellsworth Wasteney	ewasteney15@reddit.com
64022016	Hatty Trunks	htrunks16@4shared.com
31129109	Lynea Considine	lconsidine17@economist.com
1898104	Clywd Orneles	corneles18@usgs.gov
84809517	Yorker De Pietri	yde19@purevolume.com
81679696	Amii Ishchenko	aishchenko1a@wiley.com
98668384	Mallorie Whichelow	mwhichelow1b@seesaa.net
58263445	Vickie Gunson	vgunson1c@zdnet.com
61088609	Aileen Perillio	aperillio1d@cloudflare.com
13646644	Windy Hillett	whillett1e@businesswire.com
87192107	Onida Mauchlen	omauchlen1f@qq.com
29890582	Othello Michele	omichele1g@360.cn
66183341	Karola Yoxen	kyoxen1h@aboutads.info
68287006	Sophey Broadbent	sbroadbent1i@google.com.hk
1718629	Rochella Dupre	rdupre1j@google.fr
81187647	Lorraine Hucknall	lhucknall1k@photobucket.com
56587350	Hewie Heavens	hheavens1l@europa.eu
12071274	Ad Digg	adigg1m@who.int
64906018	Anitra Peeter	apeeter1n@ning.com
68812522	Pauly Mainson	pmainson1o@nba.com
70895352	Corny Beames	cbeames1p@canalblog.com
26161585	Dre Rangle	drangle1q@instagram.com
85406300	Merci Kornilov	mkornilov1r@mysql.com
98596544	Papageno Antoniak	pantoniak1s@bbb.org
38577182	Doreen Barnaclough	dbarnaclough1t@ucoz.ru
56639112	Berne Jenoure	bjenoure1u@msn.com
54778081	Wylie Hounihan	whounihan1v@reverbnation.com
38544110	Lissi Docwra	ldocwra1w@ovh.net
46634914	Meaghan Duncan	mduncan1x@blinklist.com
67581751	Regen Simonetto	rsimonetto1y@vkontakte.ru
2245032	Conan Chazette	cchazette1z@symantec.com
62253136	Sandy McCrum	smccrum20@nydailynews.com
97658619	Derk Wolfit	dwolfit21@umich.edu
84304015	Evanne McQuaid	emcquaid22@bluehost.com
72197	Gratia Hubbins	ghubbins23@woothemes.com
23345589	Stuart Badrock	sbadrock24@cafepress.com
68206581	Kean Pellman	kpellman25@utexas.edu
84318485	Ingram Rubinfeld	irubinfeld26@mashable.com
33850981	Yul Fanshaw	yfanshaw27@google.com.br
42000016	Alikee Aurelius	aaurelius28@sbwire.com
36795823	Winne Napoleone	wnapoleone29@accuweather.com
85111748	Conant Frarey	cfrarey2a@intel.com
70872796	Sarge Thurlow	sthurlow2b@vistaprint.com
29673130	Chickie Mathew	cmathew2c@constantcontact.com
41919955	Linn Cammacke	lcammacke2d@drupal.org
85605825	Hubie Martinot	hmartinot2e@hp.com
49851105	Keven Cromly	kcromly2f@bigcartel.com
56416203	Natala Gerold	ngerold2g@shop-pro.jp
77191108	Aluino Bettis	abettis2h@zimbio.com
68100280	Brigid Alforde	balforde2i@indiatimes.com
25477784	Tiffy Murname	tmurname2j@jiathis.com
21730973	Willi Zanneli	wzanneli2k@google.co.uk
45400692	Kerianne Corkett	kcorkett2l@sitemeter.com
6587896	Tedmund Kynsey	tkynsey2m@craigslist.org
77640844	Eduino Brandassi	ebrandassi2n@amazon.com
13215177	Sherrie Millea	smillea2o@quantcast.com
67731313	Quincy Cobleigh	qcobleigh2p@unesco.org
13666559	Ephraim Ratchford	eratchford2q@deviantart.com
76310598	Roderick McGinly	rmcginly2r@mysql.com
49844959	Starlin Barstock	sbarstock2s@cbc.ca
2762627	Roxanne Pettersen	rpettersen2t@artisteer.com
31999019	Trace Elvy	telvy2u@prweb.com
98567317	Cesar Pauleau	cpauleau2v@umn.edu
39700243	Harriet Chevis	hchevis2w@smh.com.au
7675505	Darcee Burnham	dburnham2x@webnode.com
30514541	Leo Traylen	ltraylen2y@irs.gov
73787498	Junina Bothbie	jbothbie2z@canalblog.com
19611061	Kerwinn Lambshine	klambshine30@dell.com
68937996	Cecily Ladon	cladon31@youtu.be
689642	Rodger Baggaley	rbaggaley32@bloglines.com
58887276	Jocelin Crutcher	jcrutcher33@wired.com
1367431	Margaux Barnsdall	mbarnsdall34@dmoz.org
4240743	Kirsten Wenderott	kwenderott35@google.ca
44830178	Myrle Beeho	mbeeho36@fema.gov
23575226	Kissiah Cow	kcow37@naver.com
65457870	Nevin Benley	nbenley38@arstechnica.com
12903496	Haily Thurlow	hthurlow39@feedburner.com
6320074	Andonis McEllen	amcellen3a@mlb.com
43777395	Chelsy Cud	ccud3b@google.pl
95424000	Emanuele Cubley	ecubley3c@goo.ne.jp
30914973	Minor McConaghy	mmcconaghy3d@nyu.edu
92540158	Riane Ollerhead	rollerhead3e@yahoo.com
76542259	Dore Triswell	dtriswell3f@weebly.com
79854369	Thorny De Castri	tde3g@toplist.cz
75487735	Abey Matteo	amatteo3h@chicagotribune.com
43236372	Haslett Lockwood	hlockwood3i@alexa.com
55319625	Alexis Cheake	acheake3j@surveymonkey.com
59520137	Gerick Netherwood	gnetherwood3k@wiley.com
10572930	Silva Kew	skew3l@mapquest.com
85153822	Carlo Holtham	choltham3m@desdev.cn
77420630	Eduino Fairbourn	efairbourn3n@bizjournals.com
14482210	Rorie Altofts	raltofts3o@wired.com
19351222	Fax Macauley	fmacauley3p@ed.gov
49866650	Gustavus Hatchett	ghatchett3q@51.la
11757528	Rickert Bryce	rbryce3r@behance.net
72715345	Janella Van Son	jvan3s@amazonaws.com
62144225	Rachele Whitely	rwhitely3t@over-blog.com
32680473	Bernard Elflain	belflain3u@gov.uk
27301066	Cloris Venney	cvenney3v@studiopress.com
21974849	Bernard Glavis	bglavis3w@sina.com.cn
61376638	Cyrus Yell	cyell3x@yandex.ru
6803350	Sonny Guiel	sguiel3y@nature.com
49407294	Lorrayne Radsdale	lradsdale3z@google.de
58443167	Stacia Nelthropp	snelthropp40@pagesperso-orange.fr
271059	Corinne Gascone	cgascone41@istockphoto.com
47037567	Ellene Ivanyukov	eivanyukov42@jiathis.com
82659619	Taite McCaskill	tmccaskill43@nih.gov
9979255	Romonda Oakhill	roakhill44@opera.com
57456300	Glendon Eickhoff	geickhoff45@cdc.gov
2936306	Delphinia Jobey	djobey46@ucoz.com
14653928	Jan Kettoe	jkettoe47@webmd.com
66266969	Bartlett Helliwell	bhelliwell48@house.gov
97186871	Desdemona Michieli	dmichieli49@taobao.com
46352537	Alastair Janczyk	ajanczyk4a@mlb.com
43147628	Earle Dibdale	edibdale4b@joomla.org
39135018	Grissel Rignall	grignall4c@is.gd
46577948	Orelee Petroulis	opetroulis4d@amazon.de
4096360	Gizela Ryhorovich	gryhorovich4e@deliciousdays.com
96888296	Melisenda Niset	mniset4f@blog.com
30828519	Randa Kedward	rkedward4g@businessweek.com
43158	Rudd Rickasse	rrickasse4h@wordpress.com
45975575	Jonie Jumel	jjumel4i@dailymail.co.uk
88708277	Hillier Brandon	hbrandon4j@businesswire.com
46081626	Orrin Bussell	obussell4k@yolasite.com
51418811	Mala Messager	mmessager4l@posterous.com
938698	Tandie Upjohn	tupjohn4m@sciencedaily.com
16644882	Elise Willison	ewillison4n@nasa.gov
23653587	Jilli Davenell	jdavenell4o@opensource.org
65659777	Baudoin Winfindine	bwinfindine4p@pen.io
42165417	Jory Ferruzzi	jferruzzi4q@mozilla.org
26476959	Phyllys Monckton	pmonckton4r@amazon.co.uk
69389755	Sheree Dooler	sdooler4s@pcworld.com
77288653	Jammal Caslett	jcaslett4t@cyberchimps.com
57700899	Missy Hukin	mhukin4u@sbwire.com
78015440	Rickie Brigshaw	rbrigshaw4v@elpais.com
47753763	Sheela Toma	stoma4w@admin.ch
81239886	Madelon Spellard	mspellard4x@edublogs.org
74984630	Lulita Beven	lbeven4y@uol.com.br
68785998	Coral Sumption	csumption4z@parallels.com
1429329	Shandra Copsey	scopsey50@comsenz.com
94230512	Elly Marvin	emarvin51@china.com.cn
97793008	Raphael Godney	rgodney52@livejournal.com
61259632	Trenna Sircombe	tsircombe53@alexa.com
57850598	Aretha Morrad	amorrad54@ca.gov
57271503	Darbie Lyste	dlyste55@walmart.com
64532519	Marian Cobello	mcobello56@shop-pro.jp
2545065	Antoine Yesson	ayesson57@ihg.com
61436266	Gerladina Saffill	gsaffill58@sciencedirect.com
90183082	Konstance Allcroft	kallcroft59@ifeng.com
2341254	Jordain Shillabear	jshillabear5a@sourceforge.net
41973174	Hiram Alldre	halldre5b@issuu.com
17294978	Launce Loges	lloges5c@hostgator.com
83192725	Horatius Goodsall	hgoodsall5d@youku.com
43353618	Philly Crosson	pcrosson5e@loc.gov
55373933	Ame Crighton	acrighton5f@salon.com
39871625	Rosalinde Flemyng	rflemyng5g@smugmug.com
65300726	Winifield Wright	wwright5h@addtoany.com
6989826	Charmion Welchman	cwelchman5i@latimes.com
96517543	Isadore Malan	imalan5j@twitter.com
78025103	Hogan Milligan	hmilligan5k@usda.gov
11651509	Zechariah Lille	zlille5l@theguardian.com
25844737	Cobby Jerche	cjerche5m@ebay.co.uk
4551912	Berton Laffranconi	blaffranconi5n@mysql.com
54635573	Enrique Kenney	ekenney5o@mtv.com
16134526	Chaunce Exer	cexer5p@symantec.com
80865756	Cesar Leeke	cleeke5q@scribd.com
39664730	Evaleen Haton	ehaton5r@cmu.edu
36332082	Hewet Forsbey	hforsbey5s@phoca.cz
70701851	Orella Craighall	ocraighall5t@un.org
12455508	Rafaelia Gillis	rgillis5u@craigslist.org
66877326	Francklyn Haley	fhaley5v@360.cn
39329169	Corinne Overstall	coverstall5w@furl.net
7947572	Sylvester Bouda	sbouda5x@ezinearticles.com
71438645	Neel Shervil	nshervil5y@cbslocal.com
3947298	Muire Sambeck	msambeck5z@discuz.net
17272799	Stan Harlin	sharlin60@booking.com
89279780	Bailie Lemmanbie	blemmanbie61@over-blog.com
67957982	Dewain Burless	dburless62@cisco.com
8817683	Issie Cobain	icobain63@mashable.com
26176751	Dede Astlatt	dastlatt64@jugem.jp
44969077	Chiquita Seydlitz	cseydlitz65@yellowbook.com
34119582	Carolus Chaimson	cchaimson66@diigo.com
12485738	Lucy Moynham	lmoynham67@mtv.com
7495979	Kalinda Reyna	kreyna68@huffingtonpost.com
80841552	Xerxes MacRitchie	xmacritchie69@tiny.cc
73828637	Rhoda Breach	rbreach6a@nbcnews.com
13861761	Phelia Fomichkin	pfomichkin6b@cnbc.com
82153074	Davin Legrice	dlegrice6c@seattletimes.com
4257397	Rycca Masic	rmasic6d@phpbb.com
15292539	Lora Fassam	lfassam6e@china.com.cn
23961326	Giulietta Sjostrom	gsjostrom6f@mayoclinic.com
18121168	Kathy Mantram	kmantram6g@hexun.com
82665698	Yule Loisi	yloisi6h@go.com
62270090	Quintus Butters	qbutters6i@unblog.fr
18343101	Caron Stolz	cstolz6j@aol.com
70756651	Gwenette Moehle	gmoehle6k@zdnet.com
45372772	Dode Masterman	dmasterman6l@pcworld.com
69745637	Gray Lowdham	glowdham6m@usnews.com
45027987	Portie Sempill	psempill6n@blogger.com
68645878	Evelyn McGahey	emcgahey6o@t.co
33328378	Agata Edmonston	aedmonston6p@hexun.com
19283163	Erhard De Benedictis	ede6q@twitter.com
78611383	Johannes Jacobsson	jjacobsson6r@canalblog.com
39016705	Jerome Fordyce	jfordyce6s@mit.edu
71499051	Ewen Iannelli	eiannelli6t@smugmug.com
20666742	Abigale Danzey	adanzey6u@tiny.cc
94196630	Dean Cantor	dcantor6v@mlb.com
31338058	Xerxes  Trett	btrett6w@google.ca
4896428	Bendick Ruddlesden	bruddlesden6x@scientificamerican.com
35427681	Renie Salerno	rsalerno6y@dot.gov
28090311	Ulla Boullin	uboullin6z@tripadvisor.com
41354152	Zola Cowern	zcowern70@fc2.com
16083821	Natassia Ferns	nferns71@aol.com
23269937	Padriac Longstaff	plongstaff72@dmoz.org
43763478	Reba Shakle	rshakle73@about.me
92836179	Olivette Lehrian	olehrian74@theatlantic.com
24027257	Otto Millimoe	omillimoe75@facebook.com
62646146	Teresina Lockner	tlockner76@weebly.com
73200659	Evelyn Worpole	eworpole77@reuters.com
95689375	Hedda Bloom	hbloom78@microsoft.com
23677913	Waite Dumke	wdumke79@arizona.edu
38400224	Neely Eberts	neberts7a@photobucket.com
73586883	Ardis Mustill	amustill7b@nymag.com
71448119	Charmaine Wheatley	cwheatley7c@delicious.com
34963788	Kippar Karolyi	kkarolyi7d@joomla.org
94667898	Laural Iseton	liseton7e@gmpg.org
49998463	Kari Getch	kgetch7f@umn.edu
32570356	Alden Blakeborough	ablakeborough7g@sfgate.com
34104219	Halsy Saulter	hsaulter7h@yellowbook.com
13297823	Emelina Marder	emarder7i@webnode.com
19011435	Nicola Geeritz	ngeeritz7j@archive.org
87149096	Peggie Brader	pbrader7k@abc.net.au
32154627	Thornton Durtnel	tdurtnel7l@house.gov
40385243	Israel Guidi	iguidi7m@prlog.org
56726530	Farrand Henstone	fhenstone7n@over-blog.com
92614012	Myer Coyte	mcoyte7o@economist.com
52890898	Augustus Spridgeon	aspridgeon7p@123-reg.co.uk
24054358	Alonso Panton	apanton7q@chicagotribune.com
81811015	Kerstin Hucknall	khucknall7r@hao123.com
50771333	Elnora Piper	epiper7s@java.com
74002739	Baxy Baughn	bbaughn7t@princeton.edu
92252042	Zebedee Rosoman	zrosoman7u@sbwire.com
94217821	Jason Dodell	jdodell7v@ehow.com
58835096	Joline Skews	jskews7w@mac.com
36635429	Josiah Gault	jgault7x@uol.com.br
31888089	Boyce Cleyne	bcleyne7y@omniture.com
60069201	Anallise Bellson	abellson7z@senate.gov
38089115	Johan Kneath	jkneath80@guardian.co.uk
21536939	Rikki Denzilow	rdenzilow81@sfgate.com
76338474	Timmi Alban	talban82@state.tx.us
43402907	Yurik Hurdiss	yhurdiss83@washingtonpost.com
45701765	Kirstin Dallemore	kdallemore84@delicious.com
8715510	Sawyer McReidy	smcreidy85@jigsy.com
65841639	Corny Von Gladbach	cvon86@hp.com
73570075	Naomi Ghion	nghion87@mysql.com
8823276	Dominique Gaunter	dgaunter88@jiathis.com
46348605	Sutherlan Buttrum	sbuttrum89@mozilla.org
15595440	Jenni Stewartson	jstewartson8a@icio.us
15542047	Sullivan Dickenson	sdickenson8b@artisteer.com
61528513	Lorrin Scandroot	lscandroot8c@home.pl
34264017	Clayborn Hartzog	chartzog8d@wired.com
82289100	Malachi Van den Velden	mvan8e@blogger.com
2325769	Melissa Proswell	mproswell8f@comsenz.com
61358213	Cecilia Dimmne	cdimmne8g@51.la
72876640	Chilton Nosworthy	cnosworthy8h@bloglines.com
20234496	Mellisa Thompstone	mthompstone8i@gmpg.org
11381939	Pansy Filippucci	pfilippucci8j@opera.com
42535164	Brandie Carville	bcarville8k@aol.com
39281204	Cindelyn Sproat	csproat8l@sun.com
62679129	Marissa Maffei	mmaffei8m@flavors.me
60270111	Shaun Longhorn	slonghorn8n@salon.com
65979245	Burl Elegood	belegood8o@intel.com
23092522	Roanna Alstead	ralstead8p@networksolutions.com
6036139	Gill Tiplady	gtiplady8q@jigsy.com
40589344	Cherlyn Grealey	cgrealey8r@statcounter.com
15735401	Juliann Bastick	jbastick8s@foxnews.com
98257977	Trenton Lillgard	tlillgard8t@prweb.com
78626552	Clair Himpson	chimpson8u@wufoo.com
75851284	Meggi Aldridge	maldridge8v@github.io
75117864	Stan Wilbud	swilbud8w@nsw.gov.au
3008783	Roanne Kaszper	rkaszper8x@washington.edu
55144294	Coreen Boij	cboij8y@issuu.com
55398948	Doralia Lenoir	dlenoir8z@twitter.com
19519651	Cindee Vasilenko	cvasilenko90@economist.com
71466984	Linus Beddie	lbeddie91@rambler.ru
16117999	Ahmed Lockhead	alockhead92@flavors.me
58688610	Maddie Ker	mker93@bizjournals.com
49484925	Danielle Knolles-Green	dknollesgreen94@thetimes.co.uk
53263049	Uriah Harrington	uharrington95@edublogs.org
64408317	Salim Whitley	swhitley96@elpais.com
24642862	Almeta Shemwell	ashemwell97@is.gd
88286853	Andre Feacham	afeacham98@ca.gov
30449501	Rowe Gilogly	rgilogly99@ask.com
57581460	Reggis Robillard	rrobillard9a@webmd.com
98460808	Gardie Garnson	ggarnson9b@goo.gl
98339980	Sonnie Schwandner	sschwandner9c@people.com.cn
53676279	Kennan Allday	kallday9d@github.com
67886405	Jeanette Ridgway	jridgway9e@ameblo.jp
11730389	Hastings Taggart	htaggart9f@yale.edu
41028345	Cati Ellison	cellison9g@tmall.com
77444920	Joann Sellack	jsellack9h@symantec.com
68813047	Lenore Scotchbourouge	lscotchbourouge9i@alexa.com
69780348	Dorita Ryder	dryder9j@cpanel.net
57966430	Saundra Plesing	splesing9k@yelp.com
68664453	Harlan Strapp	hstrapp9l@yale.edu
38625547	Westley Lyosik	wlyosik9m@alibaba.com
56634106	Cathrine Manoch	cmanoch9n@unblog.fr
54634779	Wendy Micheau	wmicheau9o@mlb.com
43174156	Pebrook Blincow	pblincow9p@dmoz.org
35116740	Bendicty Ciotti	bciotti9q@microsoft.com
71232655	Arlin Bury	abury9r@jalbum.net
89140110	Melania Donalson	mdonalson9s@berkeley.edu
38213264	Marthena Twidale	mtwidale9t@netvibes.com
16758958	Conni Edgington	cedgington9u@google.fr
54935359	Darnall Niece	dniece9v@51.la
58240943	Lane Grane	lgrane9w@gizmodo.com
53888072	Evelina Di Lucia	edi9x@amazonaws.com
63211585	Kaine Kernaghan	kkernaghan9y@joomla.org
27945509	Jandy Mercy	jmercy9z@sakura.ne.jp
25732348	Dyna Knibbs	dknibbsa0@oakley.com
15909808	Lavena aManger	lamangera1@typepad.com
15049761	Oriana Kobpa	okobpaa2@ow.ly
54672961	Carlita Rimer	crimera3@mac.com
17941862	Lynn Fuidge	lfuidgea4@photobucket.com
11334275	Johann Yeude	jyeudea5@desdev.cn
88911143	Emylee Pylkynyton	epylkynytona6@earthlink.net
27124505	Tades Dellit	tdellita7@walmart.com
3408560	Johny Pauley	jpauleya8@bloomberg.com
84316333	Kendra Frickey	kfrickeya9@nymag.com
23701089	Dalis Magor	dmagoraa@fotki.com
3327576	Emmerich Risson	erissonab@dell.com
21908129	Jenda Ibbett	jibbettac@stanford.edu
71321460	Gerhardine Pohls	gpohlsad@fotki.com
54246426	Tracie Apfelmann	tapfelmannae@bizjournals.com
67776518	Bertha Siderfin	bsiderfinaf@samsung.com
63102953	Cairistiona Batha	cbathaag@cornell.edu
97423321	Bearnard Staden	bstadenah@friendfeed.com
67198890	Lynnette McClay	lmcclayai@nature.com
75549783	Morgen Blakeborough	mblakeboroughaj@yahoo.co.jp
51142913	Rikki Beresfore	rberesforeak@slideshare.net
30184878	Benedicta Bretelle	bbretelleal@biblegateway.com
43735472	Glendon Freathy	gfreathyam@nps.gov
78041357	Finn Mizen	fmizenan@imgur.com
18230822	Andee McLelland	amclellandao@cocolog-nifty.com
23106905	Joey Moncrefe	jmoncrefeap@cmu.edu
10554644	Marysa Burkart	mburkartaq@earthlink.net
31385433	Hildy Tyson	htysonar@hc360.com
96440356	Julina Maidstone	jmaidstoneas@yellowbook.com
48800832	Nikos Nobbs	nnobbsat@businessinsider.com
32641289	Baily Ivanitsa	bivanitsaau@feedburner.com
50902522	Gael Farfoot	gfarfootav@angelfire.com
71821095	Tomas Fabry	tfabryaw@google.co.uk
12608223	Eve Briar	ebriarax@discuz.net
59230776	Mohandis Thulborn	mthulbornay@edublogs.org
69661767	Westley Hutcheson	whutchesonaz@mapy.cz
76843471	Garwin Hammon	ghammonb0@google.es
37793183	Yvon Proudlove	yproudloveb1@hubpages.com
29262799	Brittany Lownds	blowndsb2@over-blog.com
31728137	Gawain Rosenbarg	grosenbargb3@usatoday.com
16264838	Dari McRannell	dmcrannellb4@loc.gov
89923865	Ned Tester	ntesterb5@bloomberg.com
24218799	Constanta Curd	ccurdb6@ucsd.edu
62162705	Andie Burke	aburkeb7@yahoo.com
25082343	Roxanne Bucktharp	rbucktharpb8@arstechnica.com
89814460	Susanna Michel	smichelb9@miitbeian.gov.cn
16483740	Carson Lanchbery	clanchberyba@microsoft.com
39496097	Matthaeus MacDermid	mmacdermidbb@guardian.co.uk
80505527	Tyler Ledson	tledsonbc@imageshack.us
91788500	Dorry Pembridge	dpembridgebd@angelfire.com
24710260	Remy Geaves	rgeavesbe@discovery.com
81206614	Horst Bugg	hbuggbf@disqus.com
5933955	Tiphani Dowgill	tdowgillbg@timesonline.co.uk
73955635	Innis Chasney	ichasneybh@cnn.com
62073081	Cissy Gammet	cgammetbi@yale.edu
94945350	Oriana Setchfield	osetchfieldbj@goodreads.com
64908050	Yelena McLennan	ymclennanbk@thetimes.co.uk
25443934	Wayne Mitchelmore	wmitchelmorebl@rakuten.co.jp
42653754	Alleen Zapater	azapaterbm@imgur.com
86776003	Zack Roddy	zroddybn@abc.net.au
99466261	Catherine Haughton	chaughtonbo@studiopress.com
24296480	Darelle Picton	dpictonbp@adobe.com
26845913	Maryann Billanie	mbillaniebq@gravatar.com
39375387	Ilario Saffill	isaffillbr@skype.com
77689719	Anallise Kinchley	akinchleybs@si.edu
37003167	Jacinda Thurston	jthurstonbt@dyndns.org
67566901	Valry Beetlestone	vbeetlestonebu@apache.org
77529099	Geri Clere	gclerebv@adobe.com
32930755	Kerrie Piddle	kpiddlebw@loc.gov
69750391	Pauline Kaplan	pkaplanbx@shinystat.com
81758780	Yehudit Meaton	ymeatonby@go.com
72447900	Aloysius Scutchings	ascutchingsbz@scientificamerican.com
85886282	Damon Ambage	dambagec0@cpanel.net
19050937	Winthrop Semechik	wsemechikc1@mail.ru
59099591	Bee Mawman	bmawmanc2@woothemes.com
21308763	Rasla Tanslie	rtansliec3@unesco.org
62116218	Will Vynehall	wvynehallc4@irs.gov
54055774	Merry Jirick	mjirickc5@chron.com
52646166	Addi Shortan	ashortanc6@smugmug.com
88454336	Fleur Meneur	fmeneurc7@cafepress.com
42407217	Karlene Aistrop	kaistropc8@yellowbook.com
88698813	Marline Koeppe	mkoeppec9@go.com
59069155	Nathanael Demkowicz	ndemkowiczca@springer.com
7843426	Dacy Scutchings	dscutchingscb@godaddy.com
57203365	Stacey Toone	stoonecc@ft.com
32125794	Vernen Axon	vaxoncd@instagram.com
33570424	Graham Kitteringham	gkitteringhamce@taobao.com
15552518	Clemmie Elleray	celleraycf@icio.us
51002864	Godfry Ebbens	gebbenscg@flickr.com
71666811	Tiertza Gillimgham	tgillimghamch@printfriendly.com
35218061	Frankie Strowger	fstrowgerci@newsvine.com
24924724	Riccardo Tanman	rtanmancj@csmonitor.com
90582253	Lurline Hubert	lhubertck@is.gd
88142166	Conrado Lothlorien	clothloriencl@typepad.com
27813032	Irwin Sambidge	isambidgecm@alexa.com
38021983	Darlleen Cleeve	dcleevecn@phoca.cz
61982204	Dennie Goldine	dgoldineco@amazonaws.com
1358582	Luise Pentycost	lpentycostcp@constantcontact.com
22345806	Bord Showte	bshowtecq@cbsnews.com
50555557	Cecelia Apark	caparkcr@unicef.org
44288802	Gary Fowle	gfowlecs@plala.or.jp
17441952	Perren Semmence	psemmencect@woothemes.com
99951971	Gerry Blaw	gblawcu@apache.org
86093937	Rafaelia Garfield	rgarfieldcv@microsoft.com
32802800	Guilbert Huet	ghuetcw@army.mil
37147017	Jessalin Pointing	jpointingcx@clickbank.net
88807868	Ambrose Stigell	astigellcy@ox.ac.uk
51295397	Heywood McNeachtain	hmcneachtaincz@shinystat.com
4038641	Cassandry Fedder	cfedderd0@loc.gov
98084752	Ad Caze	acazed1@comcast.net
6022608	Wilton Glison	wglisond2@biglobe.ne.jp
23103627	Shaun Vasilkov	svasilkovd3@blog.com
96368691	Lana Fossett	lfossettd4@posterous.com
79069371	Cassandra Dobrovolski	cdobrovolskid5@omniture.com
29974359	Egor Di Francecshi	edid6@google.com
73931276	Allegra Lister	alisterd7@taobao.com
15246388	Rourke Ruprechter	rruprechterd8@fema.gov
64281632	Rosalind Spiteri	rspiterid9@nba.com
31319967	Aurora Cristofvao	acristofvaoda@list-manage.com
46517498	Teri Pill	tpilldb@fema.gov
98561357	Garvy Connew	gconnewdc@sphinn.com
94536989	Davon Grigorkin	dgrigorkindd@squidoo.com
30308374	Letty Hebburn	lhebburnde@opera.com
27130667	Fanchon Avrashin	favrashindf@java.com
80841282	Pamelina Saleway	psalewaydg@deliciousdays.com
65961255	Celinka Iglesias	ciglesiasdh@jimdo.com
50982944	Georg Blais	gblaisdi@upenn.edu
12953122	Naomi Bread	nbreaddj@themeforest.net
34383037	Shirline Crangle	scrangledk@wix.com
95803895	Wilbur Robbie	wrobbiedl@booking.com
86183605	Tamera Lethley	tlethleydm@t.co
47068722	Freeman Swaffield	fswaffielddn@ebay.com
93073178	Rock O'Fallone	rofallonedo@youtu.be
2129475	Ardith Popworth	apopworthdp@smh.com.au
66653515	Valentia Quadrio	vquadriodq@skype.com
81080092	Carry Tollett	ctollettdr@soundcloud.com
55618938	Dermot Cordner	dcordnerds@nyu.edu
35881073	Nonnah Filippozzi	nfilippozzidt@wired.com
23317532	Kirby Sustin	ksustindu@apple.com
30223629	Barbette Morson	bmorsondv@webmd.com
22471004	Kati Goble	kgobledw@ycombinator.com
6549288	Ring Lathe	rlathedx@ebay.com
9019455	Athene Haney	ahaneydy@cmu.edu
58953348	Lesli Muggleston	lmugglestondz@shinystat.com
45425944	Randell Canizares	rcanizarese0@wisc.edu
83448076	Mick Marlowe	mmarlowee1@economist.com
83038973	Jeana Hallan	jhallane2@google.co.uk
57954896	Davita Gear	dgeare3@comsenz.com
96002736	Sigmund Bowdler	sbowdlere4@squarespace.com
51286147	Alicea Schenfisch	aschenfische5@e-recht24.de
78691970	Daisi Sherringham	dsherringhame6@scientificamerican.com
13720941	Dominic Sibyllina	dsibyllinae7@woothemes.com
90745162	Eustace O'Hickey	eohickeye8@virginia.edu
96125230	Tanny Lyngsted	tlyngstede9@furl.net
21657040	Reube Layburn	rlayburnea@go.com
8320129	Daisi O'Dowd	dodowdeb@infoseek.co.jp
12220079	Marchall Symonds	msymondsec@gmpg.org
93790076	Nolie Adriaan	nadriaaned@phpbb.com
65637070	Traci Hanscomb	thanscombee@fema.gov
96371345	Carole Struan	cstruanef@mlb.com
45742197	Lucas Richford	lrichfordeg@t.co
82239964	Shirley Camerati	scameratieh@free.fr
26213756	Brande Hidderley	bhidderleyei@youku.com
71226934	Walker Davenell	wdavenellej@1und1.de
54787553	Thatcher Canero	tcaneroek@buzzfeed.com
6949800	Marie-ann O'Heneghan	moheneghanel@cmu.edu
10829229	Desirae Charnick	dcharnickem@rediff.com
12368743	Leon Harron	lharronen@123-reg.co.uk
38872907	Gwenneth Kovnot	gkovnoteo@istockphoto.com
98272905	Brocky Perritt	bperrittep@artisteer.com
53300805	Barnard Tour	btoureq@jugem.jp
21970206	King Bricksey	kbrickseyer@amazon.com
22223969	Stern Matteotti	smatteotties@wikispaces.com
58768167	Gaby O'Loghlen	gologhlenet@constantcontact.com
80262601	Regina Peers	rpeerseu@bluehost.com
32628651	Roosevelt Farfalameev	rfarfalameevev@opensource.org
7590025	Jillane Wipfler	jwipflerew@yahoo.co.jp
45227646	Brock Rawlcliffe	brawlcliffeex@paypal.com
54762521	Gustie Ribeiro	gribeiroey@tinyurl.com
64980022	Algernon Garmons	agarmonsez@sina.com.cn
672217	Eugenius Silbermann	esilbermannf0@samsung.com
46498840	Leilah Valler	lvallerf1@arstechnica.com
2169475	Evy Varley	evarleyf2@plala.or.jp
81251464	Julienne Kellaway	jkellawayf3@sakura.ne.jp
82488632	Henri McCooke	hmccookef4@skyrock.com
9571872	Wade Grosier	wgrosierf5@vistaprint.com
13236459	Joe Gobourn	jgobournf6@blinklist.com
23125374	Garnette Coronado	gcoronadof7@cbc.ca
55750984	Ransell Guislin	rguislinf8@bluehost.com
96581712	Spense Bartleman	sbartlemanf9@vkontakte.ru
50469442	Leena Christoffels	lchristoffelsfa@google.de
66715071	Abbe Dain	adainfb@tamu.edu
79707367	Rosabel Saphir	rsaphirfc@boston.com
11383980	Christean Chavrin	cchavrinfd@ow.ly
48875099	Murdoch Morling	mmorlingfe@cdbaby.com
91389582	Brose Winscomb	bwinscombff@miibeian.gov.cn
16345952	Alvan Bareford	abarefordfg@imdb.com
98113548	Ferris Brickdale	fbrickdalefh@live.com
80138426	Dallas Dearsley	ddearsleyfi@yandex.ru
47027185	Samson Punter	spunterfj@sciencedirect.com
10497325	Neville Dudgeon	ndudgeonfk@prlog.org
62577120	Lyndell Stannislawski	lstannislawskifl@google.com
54197327	Garth Pol	gpolfm@google.co.uk
96922371	Laurent Slides	lslidesfn@japanpost.jp
99094208	Chicky Sample	csamplefo@domainmarket.com
26661672	Stern Brewett	sbrewettfp@mediafire.com
30383840	Job Blanchet	jblanchetfq@mit.edu
90185230	Ronalda Muskett	rmuskettfr@gnu.org
18301752	Chicky Landrean	clandreanfs@example.com
45995563	Isak Asch	iaschft@people.com.cn
2094864	Rosalie Yockley	ryockleyfu@epa.gov
3930086	Mira Matissoff	mmatissofffv@ft.com
81464408	Thedric Cockin	tcockinfw@people.com.cn
35813770	Sheila Gegay	sgegayfx@bloomberg.com
17640693	Elsie Dawkes	edawkesfy@addtoany.com
53444511	Bald Gianninotti	bgianninottifz@youtube.com
59247729	Ferdinanda Menel	fmenelg0@google.co.uk
11789956	Rhiamon Habert	rhabertg1@mozilla.org
14362971	Dita Duffrie	dduffrieg2@bing.com
41782837	Cheston Raubenheimer	craubenheimerg3@typepad.com
52977093	Garth Arndell	garndellg4@squidoo.com
42982855	Bryon Andrews	bandrewsg5@123-reg.co.uk
40223782	Rania Disley	rdisleyg6@time.com
89184854	Emiline Cumberpatch	ecumberpatchg7@cloudflare.com
87009503	Jakie Burchall	jburchallg8@eventbrite.com
82413423	Catharina Becom	cbecomg9@about.com
28012435	Hyman Mabley	hmableyga@tuttocitta.it
33666470	Billy Yuryichev	byuryichevgb@redcross.org
20163547	Kalle Callum	kcallumgc@acquirethisname.com
97876177	Jehu Burgum	jburgumgd@about.com
36511288	Mireielle Rameaux	mrameauxge@furl.net
98352604	Russ MacCleay	rmaccleaygf@paginegialle.it
66980044	Aurlie Bigglestone	abigglestonegg@live.com
43264689	Marina Carslake	mcarslakegh@un.org
45633166	Iona Gover	igovergi@t.co
21409070	Dulci Gladbeck	dgladbeckgj@hibu.com
12993022	Kerby Paulo	kpaulogk@theguardian.com
85065804	Luisa Hugues	lhuguesgl@drupal.org
32078289	Ignazio Darrigrand	idarrigrandgm@google.nl
45628637	Justino McIlherran	jmcilherrangn@meetup.com
41978281	Trescha Livesley	tlivesleygo@cloudflare.com
13416843	Nick Wodeland	nwodelandgp@phpbb.com
26183651	Jaimie Gaitung	jgaitunggq@ca.gov
67490184	Duncan Beak	dbeakgr@mashable.com
25492888	Lilah Pinching	lpinchinggs@netlog.com
16550439	Dreddy Darling	ddarlinggt@drupal.org
65962955	Veradis Hannibal	vhannibalgu@foxnews.com
87707195	Andria Maclaine	amaclainegv@netlog.com
86062312	Phebe Barmadier	pbarmadiergw@soundcloud.com
48444035	Evvy Claiden	eclaidengx@ucoz.com
15229291	Emlynne Bromhead	ebromheadgy@usnews.com
713126	Alain McMorland	amcmorlandgz@gravatar.com
56403251	Mendel Grimsley	mgrimsleyh0@mlb.com
81837237	Adelice Blunkett	ablunketth1@spotify.com
36384352	Fay Newtown	fnewtownh2@networkadvertising.org
66220438	Valina Downage	vdownageh3@mozilla.com
15122899	Glenn Newport	gnewporth4@ow.ly
6500368	Harper Fairbank	hfairbankh5@a8.net
8397383	Halette Valdes	hvaldesh6@amazonaws.com
42219261	Freemon Bein	fbeinh7@cornell.edu
68884596	Tuck Slane	tslaneh8@myspace.com
42083903	Roarke Basindale	rbasindaleh9@mail.ru
23395306	Livy Stoney	lstoneyha@irs.gov
99010438	Enrica Engall	eengallhb@bigcartel.com
11277750	Ursola Nickell	unickellhc@posterous.com
31357559	Danila Winram	dwinramhd@qq.com
17552886	Lianna Roberson	lrobersonhe@arizona.edu
3637305	Belva Danielot	bdanielothf@soup.io
12532408	Juan Davitashvili	jdavitashvilihg@phpbb.com
91264792	Waylan Bembrigg	wbembrigghh@unblog.fr
38844191	Niels Whisson	nwhissonhi@opensource.org
67439950	Edin Tweddell	etweddellhj@businessweek.com
33588126	Damiano Rastall	drastallhk@arizona.edu
64005684	Dorrie Everingham	deveringhamhl@jiathis.com
32296322	Braden Annetts	bannettshm@smh.com.au
45694676	August Forcade	aforcadehn@cmu.edu
43691482	Aldo McKaile	amckaileho@domainmarket.com
42972866	Gabriel Gyse	ggysehp@businessinsider.com
63376546	Max Carncross	mcarncrosshq@usa.gov
71065750	Victoir Corgenvin	vcorgenvinhr@qq.com
36331111	Joelie Jardein	jjardeinhs@mozilla.com
477836	Derek Graal	dgraalht@ucoz.ru
28700727	Nessi Huckett	nhucketthu@hatena.ne.jp
9186856	Dixie Noads	dnoadshv@google.ru
7514220	Neille Knowller	nknowllerhw@ow.ly
2416851	Darrell Rudgerd	drudgerdhx@youtube.com
38629168	Tasia Walklett	twalkletthy@hibu.com
67779468	Silvana O'Doherty	sodohertyhz@yellowbook.com
37500198	Cirstoforo Gerrill	cgerrilli0@japanpost.jp
74258082	Camile Amer	cameri1@e-recht24.de
78011728	Stepha Wisdom	swisdomi2@ihg.com
28335984	Orly Haddy	ohaddyi3@nsw.gov.au
90532057	Orsola Van Weedenburg	ovani4@intel.com
53348493	Kate Winspurr	kwinspurri5@cnet.com
38616038	Caroline Thame	cthamei6@howstuffworks.com
86135206	Yard Izat	yizati7@ted.com
42290493	Johannes Bansal	jbansali8@exblog.jp
12040358	Louisette Bakster	lbaksteri9@nsw.gov.au
30597250	Dorian Whates	dwhatesia@bandcamp.com
17104536	Vonny Sandars	vsandarsib@cornell.edu
71355316	Andree Asey	aaseyic@indiegogo.com
36044212	Kirstin Cargo	kcargoid@flavors.me
71168725	Ryun Calken	rcalkenie@theatlantic.com
79792279	Obediah Hanington	ohaningtonif@ft.com
10892737	Forest Attard	fattardig@statcounter.com
95915946	Milicent de Mullett	mdeih@buzzfeed.com
85008349	Marlowe Bessey	mbesseyii@typepad.com
97922487	Filberto Ellis	fellisij@clickbank.net
20526140	Dwain Warbeys	dwarbeysik@google.ca
22748213	Gradeigh Woltering	gwolteringil@ovh.net
66694129	Zaneta Penwright	zpenwrightim@mediafire.com
74217390	Adolphus Koppe	akoppein@livejournal.com
38241466	Otis Glashby	oglashbyio@sakura.ne.jp
15146069	Kenna Kemmis	kkemmisip@newyorker.com
28104565	Bink Girardeau	bgirardeauiq@youtube.com
72650917	Gianna Taylerson	gtaylersonir@google.de
61000488	Rodolph de Tocqueville	rdeis@posterous.com
26699559	Gail Lehrmann	glehrmannit@mozilla.com
2226650	Maddy Schubert	mschubertiu@nbcnews.com
41568967	Oralia Gatland	ogatlandiv@google.co.uk
35780405	Eziechiele Biernat	ebiernatiw@domainmarket.com
76483110	Fletch Cranny	fcrannyix@google.com.hk
73790791	Wilhelm Dunleavy	wdunleavyiy@vistaprint.com
32303073	Joey Balding	jbaldingiz@4shared.com
76881153	Ambrosius Lutzmann	alutzmannj0@rambler.ru
76877084	Ariela Endacott	aendacottj1@bing.com
4921778	Kit Portinari	kportinarij2@people.com.cn
36992988	Mel Skeleton	mskeletonj3@nature.com
96476508	Vicky Peers	vpeersj4@usa.gov
59386081	Faydra Popworth	fpopworthj5@purevolume.com
17607073	Dolores Dodds	ddoddsj6@networkadvertising.org
53392955	Mozes Hughes	mhughesj7@mail.ru
15139792	Ilka Clawley	iclawleyj8@google.ru
95518274	Ulric Antonias	uantoniasj9@about.com
76052224	Norbie Hellings	nhellingsja@homestead.com
93793550	Baily Lerway	blerwayjb@imageshack.us
66091188	Andrej Crips	acripsjc@wikispaces.com
29342195	Robyn Basil	rbasiljd@reverbnation.com
48446578	Elora Goodlake	egoodlakeje@sitemeter.com
37392971	Etienne Eager	eeagerjf@deliciousdays.com
87989080	Zachariah Nolder	znolderjg@parallels.com
23303095	Kareem Chennells	kchennellsjh@1und1.de
47122425	Celinda Nibley	cnibleyji@umich.edu
71683372	Deanne Rackley	drackleyjj@xing.com
11659966	Lionello Mannering	lmanneringjk@sphinn.com
34340446	Fulvia Berrecloth	fberreclothjl@bing.com
95235727	Yurik Bunting	ybuntingjm@lycos.com
93335211	Murial Haukey	mhaukeyjn@phpbb.com
62203191	Kirby De Antoni	kdejo@cisco.com
41194910	Hector Catley	hcatleyjp@newyorker.com
84153190	Dru Rehm	drehmjq@abc.net.au
47660055	Colene Biaggiotti	cbiaggiottijr@umich.edu
92038225	Cly Brent	cbrentjs@dropbox.com
42609121	Esmaria Holwell	eholwelljt@rediff.com
30348538	Brok Traill	btraillju@artisteer.com
98023486	Juli Jewes	jjewesjv@w3.org
60841890	Marie-ann Vaulkhard	mvaulkhardjw@posterous.com
39973197	Wendie McClelland	wmcclellandjx@gravatar.com
31981508	Carlin Auletta	caulettajy@weather.com
23198293	Caesar Todeo	ctodeojz@mozilla.com
32557858	Gianni Wynne	gwynnek0@jimdo.com
7341589	Ddene Heino	dheinok1@artisteer.com
78941362	Meta Curnock	mcurnockk2@plala.or.jp
41458649	Ara Shemmin	ashemmink3@flavors.me
54510195	Prissie O'Fihily	pofihilyk4@icq.com
96723562	Davon Pendock	dpendockk5@bing.com
17412063	Randy Dohmann	rdohmannk6@bbb.org
46466828	Albrecht Harkes	aharkesk7@tuttocitta.it
79783169	Darcy Kennington	dkenningtonk8@cbslocal.com
50211153	Norbie Scargle	nscarglek9@blogger.com
34566889	Shaylynn Osborn	sosbornka@washington.edu
63442632	Skye Wickie	swickiekb@mozilla.com
78857300	Aida Heddy	aheddykc@sourceforge.net
98385922	Latia Sendall	lsendallkd@de.vu
33814166	Codie Beecraft	cbeecraftke@independent.co.uk
29703226	Karee McClelland	kmcclellandkf@prlog.org
5116969	Elvyn Pittway	epittwaykg@ucsd.edu
4805184	Tobe Erricker	terrickerkh@plala.or.jp
40925015	Dicky Eastabrook	deastabrookki@sakura.ne.jp
95168474	Aundrea Didsbury	adidsburykj@japanpost.jp
77200899	Nadya Sinclar	nsinclarkk@dagondesign.com
62444774	Esra Mulvin	emulvinkl@slate.com
92862347	Etan Dayly	edaylykm@slate.com
60474798	Thorn Norton	tnortonkn@ifeng.com
59775315	Marshall Jarrett	mjarrettko@ucla.edu
2566375	Arabella Manolov	amanolovkp@constantcontact.com
42706346	Margery Stower	mstowerkq@businessinsider.com
9161375	Charita Le Sarr	clekr@symantec.com
80966129	Sylvia Rablen	srablenks@google.com.br
42174375	Urbanus Seak	useakkt@networkadvertising.org
83141323	Homer Kirton	hkirtonku@netlog.com
86345827	Belva Lenormand	blenormandkv@mail.ru
67300065	Abigail Guitte	aguittekw@rambler.ru
87387066	Valentina Moss	vmosskx@miitbeian.gov.cn
66872159	Leslie Eva	levaky@sphinn.com
25461211	Sibeal Moreing	smoreingkz@spiegel.de
22000447	Lura Backe	lbackel0@webnode.com
11479737	Martita Allcoat	mallcoatl1@tamu.edu
31035872	Corly Girdwood	cgirdwoodl2@quantcast.com
71828175	Cordi Hendrich	chendrichl3@lulu.com
67981857	Marcelia Jefferd	mjefferdl4@youtu.be
26658543	Rutledge Painswick	rpainswickl5@seesaa.net
73503907	Cello McCrae	cmccrael6@intel.com
86480346	Jarid Fawlo	jfawlol7@dmoz.org
57415227	Patrice Oak	poakl8@wired.com
11627142	Tobe Pointing	tpointingl9@purevolume.com
51749258	Flo Carvil	fcarvilla@examiner.com
97291699	Janna Steuhlmeyer	jsteuhlmeyerlb@ucsd.edu
73663386	Rivi Lezemere	rlezemerelc@slideshare.net
80395469	Carole Brisson	cbrissonld@mac.com
50154559	Drucy Dollman	ddollmanle@umn.edu
78685582	Sophronia Pizzey	spizzeylf@hao123.com
91944292	Alejandrina Pierse	apierselg@t-online.de
49350490	Brenda Swanston	bswanstonlh@photobucket.com
12030439	Godiva Mynard	gmynardli@mozilla.com
71780620	Amery Steffans	asteffanslj@state.tx.us
27244807	Giovanna Heggison	gheggisonlk@goodreads.com
78162535	Tadeo Crevy	tcrevyll@oracle.com
16093821	Beilul Barrs	bbarrslm@i2i.jp
183999	Dari Storrier	dstorrierln@xing.com
39282803	Marcelline Whiffin	mwhiffinlo@cam.ac.uk
32822056	Ciro Maltby	cmaltbylp@g.co
35098369	Gloriane Celand	gcelandlq@netscape.com
55443167	Mathilda Yakhin	myakhinlr@cargocollective.com
10647974	Barbi Tapley	btapleyls@t.co
11012800	Carina Krzyzaniak	ckrzyzaniaklt@nymag.com
5610583	Karil Guile	kguilelu@economist.com
87583177	Raimundo Flement	rflementlv@oaic.gov.au
20507228	Camel Heynen	cheynenlw@examiner.com
33755421	Ruby Ewert	rewertlx@cbc.ca
23476232	Aron Grishelyov	agrishelyovly@mapy.cz
76252509	Edee Cossum	ecossumlz@networksolutions.com
27427832	Sunny Barmby	sbarmbym0@biblegateway.com
66869469	Sandi Carding	scardingm1@flavors.me
69232505	Dario Bowmer	dbowmerm2@sbwire.com
60836026	Lavinie Marusic	lmarusicm3@mayoclinic.com
59952305	Nickey Dagg	ndaggm4@amazon.com
86137105	Eduard Callum	ecallumm5@mlb.com
68597984	Shamus Fairebrother	sfairebrotherm6@51.la
13463916	Oran Futcher	ofutcherm7@i2i.jp
92692442	Hillary Lies	hliesm8@usatoday.com
57915016	Duffie O'Kuddyhy	dokuddyhym9@thetimes.co.uk
71459191	Olimpia Gabbotts	ogabbottsma@nsw.gov.au
49453893	Thia Hunday	thundaymb@mac.com
52458704	Jinny Gaucher	jgauchermc@soup.io
19096661	Felita Trippick	ftrippickmd@columbia.edu
63770602	Lemar Greenhowe	lgreenhoweme@quantcast.com
57993384	Bernadette Robyns	brobynsmf@oakley.com
11591566	Teriann Thickin	tthickinmg@elpais.com
67458365	Nichole Rawstron	nrawstronmh@paginegialle.it
45370448	Louise Riedel	lriedelmi@addtoany.com
11008308	Paddie Gulliford	pgullifordmj@dmoz.org
617833	Marmaduke Leander	mleandermk@bing.com
14538691	Bear D'Aeth	bdaethml@dailymotion.com
65027683	Blane Pomroy	bpomroymm@ask.com
63860754	Andris Rizzardo	arizzardomn@simplemachines.org
93405588	Dianne Pitkeathley	dpitkeathleymo@nytimes.com
59601253	Coreen Brient	cbrientmp@shop-pro.jp
38861127	Beverly Rosenfield	brosenfieldmq@biblegateway.com
26400106	Alistair Meryett	ameryettmr@phoca.cz
39498135	Lindi Simpkiss	lsimpkissms@mtv.com
99885781	Laurianne Dolley	ldolleymt@4shared.com
53136849	Christiano McCandie	cmccandiemu@hao123.com
95556336	Maryrose Yakubowicz	myakubowiczmv@digg.com
517440	Melany Durbin	mdurbinmw@sohu.com
9611386	Maynard Sowthcote	msowthcotemx@washington.edu
30782053	Teriann Berkowitz	tberkowitzmy@twitpic.com
77163618	Ingamar Eagar	ieagarmz@gravatar.com
28879502	Cyrille Peegrem	cpeegremn0@flickr.com
11256994	Ondrea Matashkin	omatashkinn1@sitemeter.com
38494034	Sigismondo Perrycost	sperrycostn2@biglobe.ne.jp
12985666	Melonie Munnings	mmunningsn3@gravatar.com
87634670	Neilla Dykes	ndykesn4@scientificamerican.com
3417172	Elijah Castelletti	ecastellettin5@state.tx.us
89457814	Glenna Brendeke	gbrendeken6@who.int
12992503	Atalanta Formoy	aformoyn7@seattletimes.com
30694506	Roseanna Tripett	rtripettn8@usnews.com
7105581	Frederick Bozworth	fbozworthn9@ehow.com
36006751	Hamlen Franiak	hfraniakna@phpbb.com
16403920	Cammi Hallick	challicknb@technorati.com
21711818	Harlan Malinowski	hmalinowskinc@is.gd
22004231	Katrina Runcieman	krunciemannd@boston.com
52942998	Julian Wildman	jwildmanne@biblegateway.com
63566149	Lissi Longland	llonglandnf@pcworld.com
85594013	Pippa Aldhouse	paldhouseng@yolasite.com
5983936	Corrinne Battista	cbattistanh@wiley.com
71679149	Teodora Simmance	tsimmanceni@dropbox.com
45881266	Simmonds Monger	smongernj@cocolog-nifty.com
75068631	Urbano Eastmead	ueastmeadnk@china.com.cn
53882957	Rosene Andrejs	randrejsnl@mapquest.com
68356723	Ruttger McQuorkel	rmcquorkelnm@yale.edu
70468544	Dante Jacobs	djacobsnn@yale.edu
683418	Fabien Motion	fmotionno@prweb.com
42980166	Deb Mitroshinov	dmitroshinovnp@phpbb.com
17262047	Regan Stredder	rstreddernq@dropbox.com
32975820	Addy Yeaman	ayeamannr@myspace.com
84194916	Chip Cuell	ccuellns@ibm.com
59692860	Moselle O'Hegertie	mohegertient@nps.gov
39928357	Reinaldo Guerner	rguernernu@nsw.gov.au
55879994	Bryanty Morigan	bmorigannv@digg.com
82405173	Welbie Leyman	wleymannw@sbwire.com
50142247	Suzanne Beasleigh	sbeasleighnx@i2i.jp
51196239	Diannne O'Deoran	dodeoranny@amazonaws.com
26950741	Marquita Sidery	msiderynz@yahoo.co.jp
23968398	Darb Lisciardelli	dlisciardellio0@digg.com
9970629	Shae O'Teague	soteagueo1@unblog.fr
98372515	Cayla Whelan	cwhelano2@tuttocitta.it
38371263	Katee Mart	kmarto3@geocities.com
83891256	Mitchael Grooby	mgroobyo4@miibeian.gov.cn
91527853	Fredrick Dimmack	fdimmacko5@squarespace.com
86509723	Kirsti Donovin	kdonovino6@google.com.br
94991860	Carrol Labes	clabeso7@yolasite.com
74833829	Maison Ham	mhamo8@washington.edu
49404794	Gerhardt Autry	gautryo9@usnews.com
67840448	Baxy Robbins	brobbinsoa@yellowbook.com
29363021	Lester Sorrie	lsorrieob@printfriendly.com
23182126	Hunter Mauchlen	hmauchlenoc@behance.net
19160904	Danny Espie	despieod@nifty.com
25896970	Sean Galier	sgalieroe@nifty.com
21124861	Jania Tampin	jtampinof@examiner.com
38527057	Susie Soanes	ssoanesog@google.cn
17958389	Merell Swinfen	mswinfenoh@ow.ly
7284828	Devlen MacCawley	dmaccawleyoi@usa.gov
41211111	Traci Curless	tcurlessoj@cam.ac.uk
21971472	Margarete Anselm	manselmok@va.gov
66216739	Barbara-anne Appleford	bapplefordol@epa.gov
96293667	Hollie Cousins	hcousinsom@hexun.com
69207634	Lenette Jervis	ljervison@usnews.com
72405794	Ted Gallyon	tgallyonoo@g.co
13251023	Berke McGonigle	bmcgonigleop@google.ru
32900885	Sherlock Beslier	sbeslieroq@youtu.be
29887723	Babita Bole	bboleor@cisco.com
5337308	Dierdre Stucke	dstuckeos@list-manage.com
19864424	Herrick Baterip	hbateripot@ycombinator.com
76505165	Maddy Underhill	munderhillou@g.co
38067077	Tracey Harriskine	tharriskineov@state.tx.us
27287170	Ainslee MacGorley	amacgorleyow@joomla.org
76713403	Sarge Dibnah	sdibnahox@xinhuanet.com
4804801	Chico Dionisio	cdionisiooy@earthlink.net
51073788	Kakalina McCreery	kmccreeryoz@intel.com
20549076	Corena Rothera	crotherap0@infoseek.co.jp
56242579	Roland Mathias	rmathiasp1@un.org
40384582	Joela Hammor	jhammorp2@google.ru
19580491	Jerrilyn McFfaden	jmcffadenp3@google.de
21224372	Daisie Skerman	dskermanp4@homestead.com
43890894	Shanda Costellow	scostellowp5@telegraph.co.uk
16180337	Pancho Guillerman	pguillermanp6@slashdot.org
81389794	Merwin Simson	msimsonp7@mozilla.com
99435255	Welsh Readmire	wreadmirep8@ucsd.edu
33281807	Cirilo Deacon	cdeaconp9@google.es
39199690	Nelli Swetmore	nswetmorepa@baidu.com
91148037	Barde Gabler	bgablerpb@technorati.com
53172209	Rab Latan	rlatanpc@ucsd.edu
35586861	Delmor Scragg	dscraggpd@infoseek.co.jp
43621173	Melamie Kinge	mkingepe@who.int
45525381	Calla Fielding	cfieldingpf@harvard.edu
38302915	Janie Battrum	jbattrumpg@ucla.edu
85737436	Claresta Noirel	cnoirelph@phoca.cz
14109358	Raine McErlaine	rmcerlainepi@apple.com
63012105	Aubry Twycross	atwycrosspj@dailymotion.com
78221240	Lucian Perrett	lperrettpk@csmonitor.com
22399362	Agatha O'Kielt	aokieltpl@privacy.gov.au
62189568	Roscoe Defty	rdeftypm@w3.org
99602640	Della Palleske	dpalleskepn@networksolutions.com
69818258	Jarvis Fairbrace	jfairbracepo@wunderground.com
8245881	Heddi Mc Grath	hmcpp@artisteer.com
11570735	Gilberte Boshers	gbosherspq@google.nl
64145073	Giustina Worge	gworgepr@wisc.edu
12807768	Mirabel Lintall	mlintallps@yahoo.com
35138888	Karry Stroban	kstrobanpt@sbwire.com
54877376	Prinz Hefforde	pheffordepu@mashable.com
23798311	Boony Pesik	bpesikpv@weibo.com
378142	Babita Hallgarth	bhallgarthpw@state.gov
33290867	Forrest Notton	fnottonpx@youku.com
37095312	Brande Bewley	bbewleypy@msu.edu
46402846	Abbott Grob	agrobpz@trellian.com
91010187	Henri Jealous	hjealousq0@reddit.com
97937222	Bernarr Naptine	bnaptineq1@time.com
10435649	Courtenay Artus	cartusq2@taobao.com
5845229	Anselm Corradetti	acorradettiq3@theatlantic.com
43294816	Emmye Muckleston	emucklestonq4@weibo.com
61691954	Angelle Otterwell	aotterwellq5@telegraph.co.uk
76924048	Roddy Botwood	rbotwoodq6@ehow.com
92788352	Reena Fronek	rfronekq7@techcrunch.com
93285872	Izaak Brazer	ibrazerq8@tiny.cc
68640513	Cosme Raw	crawq9@uiuc.edu
95794974	Geneva Gallen	ggallenqa@jigsy.com
68350916	Nevil Orford	norfordqb@imdb.com
77677688	Janeva L'Episcopi	jlepiscopiqc@vinaora.com
88872856	Agata Tuckie	atuckieqd@desdev.cn
3545245	Noble Waring	nwaringqe@sourceforge.net
90260134	Robinet McMillian	rmcmillianqf@unc.edu
70376199	Faber Moore	fmooreqg@google.com.br
3088525	Nealy Batho	nbathoqh@wikimedia.org
72355926	Osmond Grzegorzewicz	ogrzegorzewiczqi@bloglines.com
20651281	Valaree Dunstall	vdunstallqj@drupal.org
45695834	Barby Camosso	bcamossoqk@scribd.com
97968219	Ray McVicker	rmcvickerql@buzzfeed.com
29728417	Gunner Yarmouth	gyarmouthqm@hc360.com
58901088	Imogene Fiddian	ifiddianqn@chronoengine.com
9021161	Thelma Oxtaby	toxtabyqo@nyu.edu
62329643	Lauraine Castillou	lcastillouqp@ucoz.com
31482663	Emmett Goaks	egoaksqq@addtoany.com
26278177	Gene Fishpoole	gfishpooleqr@intel.com
34218200	Clark Conlaund	cconlaundqs@nsw.gov.au
31860849	Dulcia Leney	dleneyqt@abc.net.au
51718516	Judye Trangmar	jtrangmarqu@blog.com
73120468	Domini Kirdsch	dkirdschqv@hugedomains.com
18021651	Lavena Lindborg	llindborgqw@typepad.com
83969119	Mozelle Luety	mluetyqx@tripadvisor.com
85462169	Tilda Casali	tcasaliqy@wunderground.com
99734001	Vikky Ofield	vofieldqz@blog.com
63043380	Chelsy Hoff	choffr0@plala.or.jp
67269361	Earlie Coldham	ecoldhamr1@sogou.com
45937481	Lovell O' Brian	lor2@yale.edu
66139734	Maiga Starford	mstarfordr3@mayoclinic.com
12733756	Thornton Antcliff	tantcliffr4@ehow.com
35377261	Sherwynd Bumpus	sbumpusr5@arizona.edu
62654436	Kip Pegg	kpeggr6@i2i.jp
96372818	Florella Chomley	fchomleyr7@vk.com
61448396	Maribelle Tieraney	mtieraneyr8@prweb.com
59279154	Charo Bockman	cbockmanr9@usa.gov
69088312	Philip Lepope	plepopera@tinyurl.com
33734102	Genny Arnull	garnullrb@seesaa.net
53419143	D'arcy Bernot	dbernotrc@tamu.edu
48597693	Bowie Cooksley	bcooksleyrd@umn.edu
8203631	Perla Casini	pcasinire@weibo.com
69871977	Pace O'Finan	pofinanrf@ihg.com
32181293	Stirling Coode	scooderg@netlog.com
37525712	Lark Jones	ljonesrh@webmd.com
63960557	Sven Hemerijk	shemerijkri@marriott.com
62045948	Crawford Beccles	cbecclesrj@51.la
59648099	Bobby Deere	bdeererk@privacy.gov.au
52797651	Bayard Junifer	bjuniferrl@cocolog-nifty.com
6042010	Kordula Lancett	klancettrm@cnn.com
72520095	Niki Strass	nstrassrn@tiny.cc
72120894	Pattie Tivnan	ptivnanro@simplemachines.org
30115615	Sheree Cahan	scahanrp@washingtonpost.com
19288728	Hansiain Trighton	htrightonrq@sun.com
3599315	Melloney Cocking	mcockingrr@abc.net.au
